companyName,phone,website,city,state,firstName,lastName
Village Plumbing & Air,+17135261491,https://villageplumbing.com,Houston,TX,Village Plumbing,& Air
"Best Plumbing, LLC",+17136974400,https://bestplumbing.net,Houston,TX,Best Plumbing,LLC
"Berkeys Air Conditioning, Plumbing & Electrical",+12146120133,https://www.berkeys.com,Dallas,TX,Berkeys Air Conditioning,Plumbing & Electrical
ABC Home & Commercial Services,+15128379500,https://www.abchomeandcommercial.com,Austin,TX,ABC Home &,Commercial Services
Clarke Kent Plumbing,+15124772200,https://clarkekentplumbing.com,Austin,TX,Clarke Kent,Plumbing
Fox Service Company,+15129753138,https://www.foxservice.com,Austin,TX,Fox Service,Company
"O & M Plumbing Services, Inc.",+15124662125,,Austin,TX,O & M Plumbing,Services Inc
Best Choice Plumbing & Heating,+12157431755,https://bestchoiceplumbingandheating.com,Philadelphia,PA,Best Choice Plumbing,& Heating
"Donnelly's Cooling, Heating, Plumbing & Electric",+12155852155,https://www.bestpickreports.com,Philadelphia,PA,Donnelly's Cooling,Heating Plumbing Electric
"Oliver Heating, Cooling, Plumbing & Electrical",+16104927308,https://www.bestpickreports.com,Philadelphia,PA,Oliver Heating,Cooling Plumbing Electrical
Pawlak Plumbing LLC,+14123568400,https://pawlakplumbing.com,Pittsburgh,PA,Pawlak Plumbing,LLC
Kangaroo Plumbing Inc.,+14122445775,https://www.bbb.org,Pittsburgh,PA,Kangaroo Plumbing,Inc.
Greater Pittsburgh Plumbing,+14122232560,https://greaterpghplumbing.com,Pittsburgh,PA,Greater Pittsburgh,Plumbing
Jilly Plumbing,+12109609263,https://jillyplumbing.com,San Antonio,TX,Jilly,Plumbing
"Baker Brothers Plumbing, Air & Electric",+12148922225,https://bakerbrothersplumbing.com,Dallas,TX,Baker Brothers,Plumbing
Legacy Plumbing,+19728019798,https://legacyplumbing.net,Dallas,TX,Legacy,Plumbing
"Milestone Electric, A/C, & Plumbing",+12142672405,https://milestoneelectric.com,Dallas,TX,Milestone,Plumbing
Nick's Plumbing & Air Conditioning,+17138689907,https://www.nicksplumbing.com,Houston,TX,Nick's Plumbing,& Air Conditioning
Santhoff Plumbing Company,+17136654997,https://santhoffplumbingco.com,Houston,TX,Santhoff,Plumbing Company
Acosta Plumbing Solutions LLC,+18322302355,https://acostaplumbingsolutions.com,Houston,TX,Acosta Plumbing,Solutions LLC
Goodman Plumbing,+12154953642,https://www.goodmanplumbing.com,Philadelphia,PA,Goodman,Plumbing
Horizon Services,+16105106388,https://www.horizonservices.com,Philadelphia,PA,Horizon,Services
"Ring The Bell Plumbing, Heating & Drains",+12678041824,https://ringthebellplumbing.com,Philadelphia,PA,Ring The Bell,Plumbing
Chris Driscoll Plumbing,+14123350408,https://chrisdriscollplumbing.com,Pittsburgh,PA,Chris Driscoll,Plumbing
Cuccaro Plumbing,+14124414911,https://cuccaroplumbing.com,Pittsburgh,PA,Cuccaro,Plumbing
412 Plumbing,+14123201700,https://412plumbing.com,Pittsburgh,PA,412,Plumbing
"Tedeschi Plumbing Service, LLC",+14124861299,https://tedeschiplumbing.com,Pittsburgh,PA,Tedeschi Plumbing,Service LLC
